Timestamp,CPU_Percent,CPU_Cores_Used,Mem_Used_GB,Mem_Percent,Python_Processes,Docker_Containers,Load_1min,Load_5min,Load_15min
2025-11-21 15:18:13,1.4,1.46,42,11.3,0,15,9.41,7.57,4.66
2025-11-21 15:18:16,1.7,1.77,42,11.3,0,15,9.41,7.57,4.66
2025-11-21 15:18:18,7.2,7.49,42,11.3,0,15,8.98,7.51,4.66
2025-11-21 15:18:21,1.3,1.35,42,11.3,0,15,8.98,7.51,4.66
2025-11-21 15:18:23,1.2,1.25,42,11.3,0,15,8.26,7.38,4.63
2025-11-21 15:18:26,11.6,12.06,42,11.3,10,15,8.26,7.38,4.63
2025-11-21 15:18:28,12.0,12.48,44,11.8,10,15,9.04,7.56,4.71
2025-11-21 15:18:31,38.0,39.52,45,12.1,10,15,9.04,7.56,4.71
2025-11-21 15:18:33,3.8,3.95,45,12.1,10,15,13.76,8.56,5.05
2025-11-21 15:18:36,3.7,3.85,45,12.1,10,15,13.76,8.56,5.05
2025-11-21 15:18:38,2.5,2.60,45,12.1,10,15,12.74,8.44,5.02
2025-11-21 15:18:41,2.0,2.08,45,12.1,10,15,12.74,8.44,5.02
2025-11-21 15:18:43,7.1,7.38,45,12.1,10,15,12.04,8.36,5.02
2025-11-21 15:18:46,22.4,23.30,45,12.1,10,15,12.04,8.36,5.02
2025-11-21 15:18:48,4.6,4.78,46,12.3,10,15,14.76,8.99,5.24
2025-11-21 15:18:51,8.4,8.74,46,12.3,10,15,14.76,8.99,5.24
2025-11-21 15:18:53,2.7,2.81,46,12.3,10,15,14.54,9.04,5.28
2025-11-21 15:18:56,3.7,3.85,46,12.3,10,15,14.54,9.04,5.28
2025-11-21 15:18:58,4.4,4.58,46,12.3,10,15,13.61,8.94,5.26
2025-11-21 15:19:01,4.4,4.58,46,12.3,10,15,13.61,8.94,5.26
2025-11-21 15:19:03,2.3,2.39,46,12.3,10,15,13.16,8.92,5.28
2025-11-21 15:19:06,2.6,2.70,46,12.3,10,15,13.16,8.92,5.28
2025-11-21 15:19:08,3.2,3.33,46,12.3,10,15,12.43,8.84,5.27
2025-11-21 15:19:11,2.8,2.91,46,12.3,10,15,12.43,8.84,5.27
2025-11-21 15:19:13,2.3,2.39,46,12.3,10,15,11.99,8.81,5.28
2025-11-21 15:19:16,3.3,3.43,46,12.3,10,15,11.99,8.81,5.28
2025-11-21 15:19:18,2.9,3.02,46,12.3,10,15,11.11,8.68,5.26
2025-11-21 15:19:21,6.7,6.97,46,12.3,10,15,11.11,8.68,5.26
2025-11-21 15:19:23,18.8,19.55,46,12.3,10,15,10.46,8.59,5.24
2025-11-21 15:19:26,30.3,31.51,47,12.6,10,15,10.46,8.59,5.24
2025-11-21 15:19:29,53.6,55.74,49,13.2,10,15,13.31,9.21,5.46
2025-11-21 15:19:31,44.0,45.76,51,13.7,10,15,29.94,12.72,6.62
2025-11-21 15:19:34,17.6,18.30,52,14.0,10,15,29.94,12.72,6.62
2025-11-21 15:19:37,9.8,10.19,53,14.2,10,15,27.86,12.58,6.61
2025-11-21 15:19:40,10.9,11.34,53,14.2,10,15,27.86,12.58,6.61
2025-11-21 15:19:42,9.6,9.98,53,14.2,10,15,26.67,12.59,6.64
2025-11-21 15:19:45,11.9,12.38,54,14.5,10,15,26.67,12.59,6.64
2025-11-21 15:19:48,6.5,6.76,54,14.5,10,15,24.94,12.46,6.63
2025-11-21 15:19:50,3.1,3.22,54,14.5,10,15,24.94,12.46,6.63
2025-11-21 15:19:53,3.5,3.64,54,14.5,10,15,23.26,12.32,6.62
2025-11-21 15:19:56,6.3,6.55,54,14.5,10,15,23.26,12.32,6.62
2025-11-21 15:19:59,2.7,2.81,54,14.5,10,15,22.04,12.25,6.63
2025-11-21 15:20:01,4.6,4.78,54,14.5,10,15,22.04,12.25,6.63
2025-11-21 15:20:04,3.7,3.85,54,14.5,10,15,20.75,12.14,6.62
2025-11-21 15:20:07,2.4,2.50,54,14.5,10,15,19.73,12.08,6.63
2025-11-21 15:20:09,4.9,5.10,54,14.5,10,15,19.73,12.08,6.63
2025-11-21 15:20:12,5.0,5.20,54,14.5,10,15,18.47,11.94,6.62
2025-11-21 15:20:15,4.9,5.10,54,14.5,10,15,18.47,11.94,6.62
2025-11-21 15:20:18,4.9,5.10,54,14.5,10,15,17.31,11.81,6.60
2025-11-21 15:20:20,8.4,8.74,53,14.2,10,15,17.31,11.81,6.60
2025-11-21 15:20:23,3.1,3.22,53,14.2,10,15,16.17,11.66,6.58
2025-11-21 15:20:26,15.0,15.60,53,14.2,10,15,16.17,11.66,6.58
2025-11-21 15:20:28,6.6,6.86,53,14.2,10,15,15.03,11.50,6.56
2025-11-21 15:20:31,11.3,11.75,52,14.0,10,15,15.03,11.50,6.56
2025-11-21 15:20:34,4.3,4.47,52,14.0,10,15,14.15,11.38,6.54
2025-11-21 15:20:36,5.5,5.72,52,14.0,10,15,14.15,11.38,6.54
2025-11-21 15:20:39,3.9,4.06,51,13.7,10,15,13.33,11.25,6.53
2025-11-21 15:20:42,4.8,4.99,51,13.7,10,15,12.43,11.10,6.51
2025-11-21 15:20:44,7.5,7.80,51,13.7,10,15,12.43,11.10,6.51
2025-11-21 15:20:47,6.1,6.34,50,13.4,10,15,11.75,10.98,6.49
2025-11-21 15:20:49,7.3,7.59,51,13.7,10,15,11.75,10.98,6.49
2025-11-21 15:20:52,4.2,4.37,50,13.4,10,15,11.21,10.88,6.48
2025-11-21 15:20:55,5.6,5.82,50,13.4,10,15,11.21,10.88,6.48
2025-11-21 15:20:57,5.7,5.93,50,13.4,10,15,10.71,10.78,6.48
2025-11-21 15:21:00,6.9,7.18,50,13.4,10,15,10.71,10.78,6.48
